SampleID,Row.names.x,quant_reading,Treatment,FrogID,FrogNo,DayWeekNo,Sample.type,TrmtTP,TubeLabel,ExtractionDate,ExtColumn,ExtRow,Plate,PCR.Date,Clean.Date,Notes,S.obs,S.chao1,se.chao1.x,S.ACE,se.ACE.x,sample_sums(xk7),Row.names.y,S.obs_rare,S.chao1_rare,se.chao1.y,S.ACE_rare,se.ACE.y,sample_sums(xk7Rare),Row.names,S.obs_anti,S.chao1_anti,se.chao1,S.ACE_anti,se.ACE,sample_sums(xk7Anti),AntiBdRA
CF10D0,CF10D0,25.4,C,F10,10,D0,swab,CD0,CF10D0,27-Sep-22,G,6,3,6-Oct-22,20-Oct-22,,98,98,0.248721219,98.17809285,4.622088344,13259,CF10D0,83,101.2,13.15322759,91.73741972,4.697793522,2575,CF10D0,4,4,0.144337567,4.75,1.094442104,17,0.006601942
CF10W1,CF10W1,43.2,C,F10,10,W1,swab,CW1,CF10W1,5-Oct-22,F,8,1,12-Oct-22,24-Oct-22,,83,86,4.174604841,84.27297748,4.199712277,12108,CF10W1,78,105.2,18.171951,89.72489994,4.652202869,2575,CF10W1,3,3,0,3,0.816496581,47,0.018252427
CF11D0,CF11D0,18.9,C,F11,11,D0,swab,CD0,CF11D0,13-Sep-22,C,3,1,15-Sep-22,17-Oct-22,used 96-well plate bead beating,124,124.6,1.185826408,124.6707256,5.391325192,12323,CF11D0,107,118.0526316,6.44821845,121.0034455,5.196858947,2575,CF11D0,8,8,0,8,0.935414347,52,0.020194175
CF11W1,CF11W1,50.2,C,F11,11,W1,swab,CW1,CF11W1,13-Oct-22,B,9,2,17-Oct-22,25-Oct-22,,141,159.3333333,15.07907746,145.7296502,5.520956432,17166,CF11W1,114,133.7142857,10.63373718,129.7253166,5.390165273,2575,CF11W1,9,9,0,9,1.490711985,157,0.060970874
CF12D0,CF12D0,35.6,C,F12,12,D0,swab,CD0,CF12D0,13-Sep-22,D,4,1,15-Sep-22,17-Oct-22,used 96-well plate bead beating,86,86,0,86,4.45259266,17765,CF12D0,71,81.90909091,7.244101273,83.15649545,4.456820591,2575,CF12D0,2,2,0.353553391,3.111111111,0.822165212,4,0.001553398
CF12W1,CF12W1,46.8,C,F12,12,W1,swab,CW1,CF12W1,13-Oct-22,C,9,2,17-Oct-22,25-Oct-22,,109,109.6,1.185744707,109.9202106,4.509387352,13101,CF12W1,93,96.6,3.355906446,96.25608737,4.467649938,2575,CF12W1,6,6,0,6,0.912870929,134,0.052038835
CF13D0,CF13D0,8.6,C,F13,13,D0,swab,CD0,CF13D0,22-Sep-22,E,4,2,12-Oct-22,24-Oct-22,"used tubes, 96-centrifuge protocol, had to re-elute",60,60,0,60,3.54964787,5983,CF13D0,59,59.5,1.026493128,60.10130522,3.812139992,2575,CF13D0,2,2,0,2,0,13,0.005048544
CF13W1,CF13W1,54.6,C,F13,13,W1,swab,CW1,CF13W1,13-Oct-22,D,9,2,17-Oct-22,25-Oct-22,,81,84,4.63777194,81.75255514,3.988048842,12875,CF13W1,70,75.14285714,4.650447507,75.28319299,4.283581809,2575,CF13W1,3,3,0,3,0.816496581,127,0.049320388
CF13W2,CF13W2,58.4,C,F13,13,W2,swab,CW2,CF13W2,5-Oct-22,C,11,1,12-Oct-22,24-Oct-22,,85,85.25,0.736086423,85.66188232,4.127143235,11379,CF13W2,79,82.27272727,3.086391228,84.07583234,4.512347241,2575,CF13W2,2,2,0,2,0,13,0.005048544
CF13W3,CF13W3,38.4,C,F13,13,W3,swab,CW3,CF13W3,5-Oct-22,F,11,1,12-Oct-22,24-Oct-22,,101,101.3333333,0.925243413,101.5469578,4.36200335,13505,CF13W3,89,95.5,4.880680712,97.60903219,4.857645336,2575,CF13W3,3,3,0,3,0.816496581,37,0.014368932
CF14D0,CF14D0,24.4,C,F14,14,D0,swab,CD0,CF14D0,27-Sep-22,H,6,3,6-Oct-22,20-Oct-22,,107,110.75,4.207702019,109.549224,4.722061813,16070,CF14D0,87,90.4375,2.977200371,92.83891384,4.647389657,2575,CF14D0,7,7,0,7,1.309307341,84,0.032621359
CF14W1,CF14W1,46.2,C,F14,14,W1,swab,CW1,CF14W1,3-Oct-22,G,2,5,6-Oct-22,18-Oct-22,"robot poked holes in filter plate in first three columns, tried to save samples by running elution from holes and leftover bead plate in col 7-9 and then col 10-12 ",125,125.6,1.185831161,125.7988235,5.133889094,31665,CF14W1,92,108.1538462,9.320094176,109.3486395,5.165659166,2575,CF14W1,5,5,0.447213595,5.454255803,0.97968159,49,0.019029126
CF14W2,CF14W2,66.6,C,F14,14,W2,swab,CW2,CF14W2,3-Oct-22,D,4,5,6-Oct-22,18-Oct-22,,144,149,5.538456161,146.0332271,5.469585471,26438,CF14W2,105,140.1,18.31446993,128.1534247,5.593453868,2575,CF14W2,6,6,0.152145155,7.067168736,1.279069233,44,0.017087379
CF14W3,CF14W3,63.4,C,F14,14,W3,swab,CW3,CF14W3,3-Oct-22,C,6,5,6-Oct-22,18-Oct-22,,147,154,7.118318239,149.2855798,5.461968268,22940,CF14W3,120,139.5,9.89687467,141.0467612,5.875382918,2575,CF14W3,10,10,0.158113883,10.49871826,1.518113822,125,0.048543689
CF15D0,CF15D0,15.7,C,F15,15,D0,swab,CD0,CF15D0,27-Sep-22,F,8,3,6-Oct-22,20-Oct-22,,64,64.25,0.735832052,64.72485625,3.689793697,6704,CF15D0,60,61.875,2.255982616,63.02270691,3.907866755,2575,CF15D0,7,7,0.46291005,7.343087944,1.228444729,63,0.024466019
CF15W1,CF15W1,54.8,C,F15,15,W1,swab,CW1,CF15W1,13-Oct-22,E,9,2,17-Oct-22,25-Oct-22,,117,118.5,2.231123939,118.2263158,4.692758019,17461,CF15W1,100,112.75,7.963672652,112.9201013,5.229317787,2575,CF15W1,5,5,0.223606798,5.5,1.078132832,37,0.014368932
CF15W2,CF15W2,42.6,C,F15,15,W2,swab,CW2,CF15W2,5-Oct-22,H,10,1,12-Oct-22,24-Oct-22,,59,60.5,2.590909091,59.96279399,3.683523835,2575,CF15W2,59,60.5,2.590909091,59.96279399,3.683523835,2575,CF15W2,0,0,NA,NA,NA,0,0
CF15W3,CF15W3,45,C,F15,15,W3,swab,CW3,CF15W3,13-Oct-22,F,10,2,17-Oct-22,27-Oct-22,,112,117,6.036746449,113.9232564,4.532517209,18173,CF15W3,92,101.5454545,6.566283632,100.848865,4.817488418,2575,CF15W3,2,2,0,2,0.707106781,43,0.016699029
CF16D0,CF16D0,33.2,C,F16,16,D0,swab,CD0,CF16D0,13-Sep-22,E,4,1,15-Sep-22,17-Oct-22,used 96-well plate bead beating,82,83.5,2.230516944,83.77697153,4.025834722,12230,CF16D0,78,84,4.698589303,86.64550949,4.5972301,2575,CF16D0,7,7,0.231455025,7.532,1.281406838,50,0.019417476
CF16W1,CF16W1,47.4,C,F16,16,W1,swab,CW1,CF16W1,26-Sep-22,D,9,4,17-Oct-22,25-Oct-22,samples put in with leons plate,92,93.2,1.840110092,93.85717104,4.195816767,9309,CF16W1,84,87.5,3.443987385,88.02336735,4.595683327,2575,CF16W1,4,4,0,4,0.866025404,27,0.010485437
CF16W2,CF16W2,76,C,F16,16,W2,swab,CW2,CF16W2,3-Oct-22,E,4,5,6-Oct-22,18-Oct-22,,117,119,2.585187281,118.6607829,5.156191496,24525,CF16W2,89,112.1,13.14215242,105.7715476,4.907963178,2575,CF16W2,1,1,0,NA,NA,21,0.00815534
CF16W3,CF16W3,59,C,F16,16,W3,swab,CW3,CF16W3,3-Oct-22,D,6,5,6-Oct-22,18-Oct-22,,135,136,1.816713887,135.6924624,5.334787023,27083,CF16W3,99,108.5,5.85621776,112.04766,5.041282817,2575,CF16W3,6,6,0,6,2.11E-08,16,0.006213592
CF17D0,CF17D0,3.38,C,F17,17,D0,swab,CD0,CF17D0,22-Sep-22,F,4,2,12-Oct-22,24-Oct-22,"used tubes, 96-centrifuge protocol, had to re-elute",56,57.5,2.59053461,56.89574456,3.37054864,3511,CF17D0,55,55.5,1.295131215,55.49427203,3.67251426,2575,CF17D0,7,7,0.46291005,7.429496904,1.274426827,92,0.035728155
CF17W1,CF17W1,49.6,C,F17,17,W1,swab,CW1,CF17W1,26-Sep-22,C,9,4,17-Oct-22,25-Oct-22,samples put in with leons plate,105,105.6,1.185718999,105.9017002,4.721907626,14601,CF17W1,92,105.3333333,8.848450759,102.7793881,4.986110434,2575,CF17W1,11,11,0.158910432,11.63618351,1.723992204,398,0.154563107
CF17W2,CF17W2,68.8,C,F17,17,W2,swab,CW2,CF17W2,3-Oct-22,F,4,5,6-Oct-22,18-Oct-22,,182,187.25,5.373712762,184.4229505,5.819174945,25383,CF17W2,145,167.1428571,10.4762332,166.8175531,6.131313827,2575,CF17W2,9,9,0.23570226,9.360828414,1.305080051,78,0.030291262
CF17W3,CF17W3,66.4,C,F17,17,W3,swab,CW3,CF17W3,3-Oct-22,E,6,5,6-Oct-22,18-Oct-22,,118,123,6.037232042,119.7182283,4.877853309,24678,CF17W3,98,110.2142857,7.434038496,110.3985848,4.995276415,2575,CF17W3,7,7,0,7,0.9258201,124,0.04815534
CF18D0,CF18D0,29.4,C,F18,18,D0,swab,CD0,CF18D0,13-Sep-22,F,4,1,15-Sep-22,17-Oct-22,used 96-well plate bead beating,126,126.5,1.026974784,126.7985704,5.100690905,19699,CF18D0,105,128,12.46534911,124.0333585,5.46873663,2575,CF18D0,6,6,0,6,1.154700538,64,0.024854369
CF18W1,CF18W1,40,C,F18,18,W1,swab,CW1,CF18W1,26-Sep-22,B,9,4,17-Oct-22,25-Oct-22,samples put in with leons plate,89,92,4.64003139,89.78864176,3.748835045,15316,CF18W1,80,81.25,1.621181823,82.51099594,4.347927288,2575,CF18W1,4,4,0,4,0.866025404,18,0.006990291
CF18W2,CF18W2,63.4,C,F18,18,W2,swab,CW2,CF18W2,13-Oct-22,E,11,2,17-Oct-22,27-Oct-22,,123,123.3333333,0.925431299,123.4673476,4.771189521,24528,CF18W2,101,106.8333333,4.165021214,109.5947782,5.020379037,2575,CF18W2,5,5,0.223606798,5.574074074,1.011573566,34,0.013203883
CF18W3,CF18W3,29.8,C,F18,18,W3,swab,CW3,CF18W3,5-Oct-22,G,11,1,12-Oct-22,24-Oct-22,,77,77.25,0.736005837,77.47921896,4.108845268,5476,CF18W3,76,79,3.417860757,78.69766194,4.34672372,2575,CF18W3,6,6,0.228217732,6.556213018,1.177269785,334,0.129708738
CF1D0,CF1D0,14.3,C,F1,1,D0,swab,CD0,CF1D0,13-Sep-22,A,4,1,15-Sep-22,17-Oct-22,used 96-well plate bead beating,105,105,0.165871117,105.1862417,5.004891913,16036,CF1D0,89,107.0714286,9.954764457,108.3781167,5.171514604,2575,CF1D0,7,7,0.15430335,7.637205868,0.784439938,32,0.012427184
CF1W1,CF1W1,49,C,F1,1,W1,swab,CW1,CF1W1,3-Oct-22,E,2,5,6-Oct-22,18-Oct-22,"robot poked holes in filter plate in first three columns, tried to save samples by running elution from holes and leftover bead plate in col 7-9 and then col 10-12 ",152,153.6666667,2.20495597,153.6441896,5.539459844,22240,CF1W1,114,124.5555556,6.313747369,126.0717828,5.218810464,2575,CF1W1,11,11,0.476731295,11.26035588,1.321925673,508,0.197281553
CF2D0,CF2D0,2.98,C,F2,2,D0,swab,CD0,CF2D0,22-Sep-22,A,4,2,12-Oct-22,24-Oct-22,"used tubes, 96-centrifuge protocol, had to re-elute",64,64,0,64,3.838538133,3682,CF2D0,64,64.2,0.620888721,64.57095942,3.983233985,2575,CF2D0,7,7,0.46291005,8.125,1.004300376,154,0.059805825
CF2W1,CF2W1,37.4,C,F2,2,W1,swab,CW1,CF2W1,5-Oct-22,H,7,1,12-Oct-22,24-Oct-22,,51,51,0.495073771,51.17368345,3.280947878,3346,CF2W1,51,51,0.247536886,51.19614469,3.423062228,2575,CF2W1,3,3,0,NA,NA,75,0.029126214
CF3D0,CF3D0,96,C,F3,3,D0,swab,CD0,CF3D0,27-Sep-22,D,8,3,6-Oct-22,20-Oct-22,,63,63,0.124003968,63.2215015,3.867452052,6250,CF3D0,61,61.375,0.8261081,62.1674344,3.88333413,2575,CF3D0,5,5,0,5,0.894427191,52,0.020194175
CF3W1,CF3W1,51.8,C,F3,3,W1,swab,CW1,CF3W1,5-Oct-22,G,10,1,12-Oct-22,24-Oct-22,,76,76.2,0.621002492,76.62722005,4.03185583,11023,CF3W1,69,75.875,5.564383174,75.91528885,4.249166115,2575,CF3W1,6,6,0,6,0.912870929,84,0.032621359
CF4D0,CF4D0,4.54,C,F4,4,D0,swab,CD0,CF4D0,22-Sep-22,B,4,2,12-Oct-22,24-Oct-22,"used tubes, 96-centrifuge protocol, had to re-elute",47,47,0.247326126,47.22031872,3.375951232,3420,CF4D0,47,47,0.164884084,47.20951425,3.362486436,2575,CF4D0,3,3,0,3,0.816496581,44,0.017087379
CF4W1,CF4W1,57,C,F4,4,W1,swab,CW1,CF4W1,13-Oct-22,G,7,2,17-Oct-22,25-Oct-22,,103,108,5.536820261,105.4657109,4.532780834,21299,CF4W1,84,105.375,13.14577996,97.1964458,4.727238752,2575,CF4W1,6,6.5,1.265291088,9.837606838,1.838742392,77,0.029902913
CF5W1,CF5W1,41,C,F5,5,W1,swab,CW1,CF5W1,5-Oct-22,D,9,1,12-Oct-22,24-Oct-22,,87,90,4.174991683,88.4192,4.157767958,10031,CF5W1,79,84,4.312355954,84.41648506,4.4637534,2575,CF5W1,1,1,0,NA,NA,56,0.021747573
CF6D0,CF6D0,9.48,C,F6,6,D0,swab,CD0,CF6D0,13-Sep-22,B,4,1,15-Sep-22,17-Oct-22,used 96-well plate bead beating,98,98,0,98,4.933227614,8535,CF6D0,93,95.61904762,2.382974768,98.58123814,4.517102708,2575,CF6D0,7,7,0,7,1.49E-08,31,0.012038835
CF6W1,CF6W1,55.4,C,F6,6,W1,swab,CW1,CF6W1,3-Oct-22,F,2,5,6-Oct-22,18-Oct-22,"robot poked holes in filter plate in first three columns, tried to save samples by running elution from holes and leftover bead plate in col 7-9 and then col 10-12 ",161,161.5,0.926879848,162.2728134,6.06390062,24023,CF6W1,120,145.8333333,12.24003422,150.3534173,6.181321311,2575,CF6W1,9,9.333333333,0.914800891,10.18939068,1.277779204,286,0.111067961
CF7D0,CF7D0,45.6,C,F7,7,D0,swab,CD0,CF7D0,27-Sep-22,F,6,3,6-Oct-22,20-Oct-22,,41,41,0,41,2.837037273,4117,CF7D0,41,41,0.0823108,41.29801447,3.195283816,2575,CF7D0,2,2,0,2,0,15,0.005825243
CF7W1,CF7W1,49.4,C,F7,7,W1,swab,CW1,CF7W1,5-Oct-22,A,8,1,12-Oct-22,24-Oct-22,,89,89.2,0.621091185,89.76425404,4.233113558,13939,CF7W1,76,81,4.312292839,81.96078337,4.450739233,2575,CF7W1,4,4,0,4,1,241,0.093592233
CF8D0,CF8D0,4.36,C,F8,8,D0,swab,CD0,CF8D0,22-Sep-22,D,4,2,12-Oct-22,24-Oct-22,"used tubes, 96-centrifuge protocol, had to re-elute",57,57,0.165198209,57.3060902,3.66678414,3797,CF8D0,56,56,0.082585934,56.28858113,3.734808781,2575,CF8D0,3,3,0,3,0.816496581,22,0.008543689
CF8W1,CF8W1,59.4,C,F8,8,W1,swab,CW1,CF8W1,13-Oct-22,H,7,2,17-Oct-22,25-Oct-22,,127,134,6.652523088,129.6811659,5.433217826,21649,CF8W1,98,114.2352941,8.755893229,118.2585681,5.335645314,2575,CF8W1,5,5,0.149071198,5.571428571,1.132566994,22,0.008543689
CF9W1,CF9W1,62.2,C,F9,9,W1,swab,CW1,CF9W1,13-Oct-22,A,9,2,17-Oct-22,25-Oct-22,,99,99.75,1.422733903,99.71387693,4.724864044,17030,CF9W1,86,98.83333333,7.269409571,106.3038502,5.068317686,2575,CF9W1,3,3,0.40824829,4.12,0.866873031,74,0.028737864
P1F10D0,P1F10D0,0.656,P1,F10,10,D0,swab,P1D0,P1F10D0,13-Sep-22,D,1,1,15-Sep-22,17-Oct-22,used 96-well plate bead beating,110,111,1.580426445,111.2592506,5.152511966,9839,P1F10D0,106,117.4,6.954924491,117.3733509,5.17594977,2575,P1F10D0,9,9,0.23570226,9.702636719,1.526227213,106,0.041165049
P1F10W1,P1F10W1,8.98,P1,F10,10,W1,swab,P1W1,P1F10W1,3-Oct-22,B,1,5,6-Oct-22,18-Oct-22,"robot poked holes in filter plate in first three columns, tried to save samples by running elution from holes and leftover bead plate in col 7-9 and then col 10-12 ",119,119.1666667,0.543329933,119.531969,5.131158214,24635,P1F10W1,96,131.1,18.31415396,118.9526033,5.318894126,2575,P1F10W1,6,7,2.22003861,7.218181818,1.196628981,321,0.124660194
P1F11D0,P1F11D0,27.2,P1,F11,11,D0,swab,P1D0,P1F11D0,27-Sep-22,B,7,3,6-Oct-22,20-Oct-22,,84,84.16666667,0.543208505,84.63109771,4.106754734,12012,P1F11D0,77,81.09090909,3.595033548,83.05328092,4.449908441,2575,P1F11D0,10,10,0,10,1.449137675,100,0.038834951
P1F11W1,P1F11W1,47,P1,F11,11,W1,swab,P1W1,P1F11W1,13-Oct-22,E,5,2,17-Oct-22,25-Oct-22,,105,105,0.165871117,105.2060732,4.455707722,23258,P1F11W1,88,98.2,6.415365592,102.0879134,4.966430489,2575,P1F11W1,3,3,0,3,0.816496581,116,0.045048544
P1F12W1,P1F12W1,51.4,P1,F12,12,W1,swab,P1W1,P1F12W1,13-Oct-22,F,5,2,17-Oct-22,25-Oct-22,,122,122.3333333,0.925424226,122.5307244,5.052896002,18563,P1F12W1,102,116.6153846,8.645934075,114.4350199,4.997804364,2575,P1F12W1,4,4,0.433012702,4.515625,0.917289876,159,0.061747573
P1F13D0,P1F13D0,19.2,P1,F13,13,D0,swab,P1D0,P1F13D0,13-Sep-22,E,1,1,15-Sep-22,17-Oct-22,used 96-well plate bead beating,83,83,0.165659608,83.24667416,4.16047618,14991,P1F13D0,74,89.54545455,9.444643622,89.88734012,4.624530015,2575,P1F13D0,6,7.5,2.53968502,13.025,1.86642124,33,0.012815534
P1F13W1,P1F13W1,40.2,P1,F13,13,W1,swab,P1W1,P1F13W1,5-Oct-22,G,8,1,12-Oct-22,24-Oct-22,,78,78,0.248392266,78.19344095,4.001420634,9147,P1F13W1,75,81.6,5.135264756,83.06057345,4.47673147,2575,P1F13W1,3,3,0.204124145,4,0.901720654,317,0.123106796
P1F13W2,P1F13W2,53.8,P1,F13,13,W2,swab,P1W2,P1F13W2,13-Oct-22,G,9,2,17-Oct-22,25-Oct-22,,129,141,10.77197572,133.09724,5.262418667,18541,P1F13W2,106,119.5882353,7.679948883,120.6593151,5.091932326,2575,P1F13W2,6,7,2.22003861,8.162299239,1.400430399,190,0.073786408
P1F13W3,P1F13W3,48,P1,F13,13,W3,swab,P1W3,P1F13W3,5-Oct-22,D,11,1,12-Oct-22,24-Oct-22,,104,107,3.182718451,107.2988166,4.922220375,12302,P1F13W3,89,96.5,5.225852334,100.2644449,4.983444046,2575,P1F13W3,5,5,0,5,1.095445115,77,0.029902913
P1F14D0,P1F14D0,32.6,P1,F14,14,D0,swab,P1D0,P1F14D0,22-Sep-22,E,1,2,12-Oct-22,24-Oct-22,"used tubes, 96-centrifuge protocol",101,102,1.580363572,102.2753912,4.833508132,10369,P1F14D0,86,96.90909091,7.244486684,96.79623503,4.75014848,2575,P1F14D0,8,8,0.155902391,8.375,1.280884495,145,0.05631068
P1F14W1,P1F14W1,38.6,P1,F14,14,W1,swab,P1W1,P1F14W1,5-Oct-22,G,9,1,12-Oct-22,24-Oct-22,,64,64,0.248039185,64.2344235,3.569089091,6023,P1F14W1,62,63.2,1.839543146,63.64165238,3.811349743,2575,P1F14W1,2,2,0,NA,NA,202,0.078446602
P1F14W2,P1F14W2,71,P1,F14,14,W2,swab,P1W2,P1F14W2,3-Oct-22,H,2,5,6-Oct-22,18-Oct-22,"robot poked holes in filter plate in first three columns, tried to save samples by running elution from holes and leftover bead plate in col 7-9 and then col 10-12 ",117,117,0.248929331,117.2178284,4.977795415,31551,P1F14W2,91,109.4736842,9.380151981,116.8990088,5.709596741,2575,P1F14W2,3,3,0.40824829,4.12,0.866873031,18,0.006990291
P1F14W3,P1F14W3,67.4,P1,F14,14,W3,swab,P1W3,P1F14W3,3-Oct-22,G,4,5,6-Oct-22,18-Oct-22,,157,158,1.816909557,157.5753676,6.128018459,18336,P1F14W3,123,172.4,21.40199928,161.0500876,6.256673944,2575,P1F14W3,5,5.5,1.259058089,8.224691358,1.397476342,38,0.014757282
P1F15D0,P1F15D0,24.4,P1,F15,15,D0,swab,P1D0,P1F15D0,13-Sep-22,F,1,1,15-Sep-22,17-Oct-22,used 96-well plate bead beating,121,122.5,2.594539006,121.5744681,5.257250648,15814,P1F15D0,101,126,13.29945939,121.9162923,5.417776531,2575,P1F15D0,7,7.5,1.26984251,8.911357341,1.425756447,45,0.017475728
P1F15W1,P1F15W1,38.2,P1,F15,15,W1,swab,P1W1,P1F15W1,5-Oct-22,B,7,1,12-Oct-22,24-Oct-22,,76,76.5,1.296204868,76.52470159,3.8600708,10930,P1F15W1,71,77.875,5.564455951,77.28578886,4.23492145,2575,P1F15W1,2,2,0,2,0.707106781,229,0.088932039
P1F15W3,P1F15W3,55.6,P1,F15,15,W3,swab,P1W3,P1F15W3,5-Oct-22,E,11,1,12-Oct-22,24-Oct-22,,114,114.25,0.736283906,114.5726197,4.502911158,21974,P1F15W3,97,106.0666667,5.893952775,108.9149127,5.074830584,2575,P1F15W3,3,3,0,3,0.816496581,22,0.008543689
P1F16D0,P1F16D0,35.6,P1,F16,16,D0,swab,P1D0,P1F16D0,22-Sep-22,F,1,2,12-Oct-22,24-Oct-22,"used tubes, 96-centrifuge protocol",149,150.875,2.256767103,150.5371653,5.958026565,14650,P1F16D0,122,151.25,15.03972851,140.7668372,5.660048926,2575,P1F16D0,7,7,0.231455025,7.744897959,1.363379042,121,0.046990291
P1F16W1,P1F16W1,62.4,P1,F16,16,W1,swab,P1W1,P1F16W1,3-Oct-22,C,1,5,6-Oct-22,18-Oct-22,"robot poked holes in filter plate in first three columns, tried to save samples by running elution from holes and leftover bead plate in col 7-9 and then col 10-12 ",122,122.75,1.255462384,123.3356652,5.052831023,20981,P1F16W1,92,99.65,4.919767662,106.2545435,5.046308693,2575,P1F16W1,10,11.5,2.560146056,13.4602705,1.912913618,624,0.242330097
P1F16W2,P1F16W2,32.6,P1,F16,16,W2,swab,P1W2,P1F16W2,3-Oct-22,A,3,5,6-Oct-22,18-Oct-22,"robot poked holes in filter plate in first three columns, tried to save samples by running elution from holes and leftover bead plate in col 7-9 and then col 10-12 ",81,87,7.366435218,82.1105511,4.118936895,7795,P1F16W2,77,77.76923077,1.187242744,78.97246745,4.147394683,2575,P1F16W2,10,10,0,10,1.549193338,309,0.12
P1F16W3,P1F16W3,67.8,P1,F16,16,W3,swab,P1W3,P1F16W3,3-Oct-22,H,4,5,6-Oct-22,18-Oct-22,,178,187.3333333,8.864869683,181.1496983,5.735439239,32520,P1F16W3,137,161.3913043,11.01103335,166.9662434,6.482721052,2575,P1F16W3,12,12.5,1.281600562,13.65661538,1.876528592,472,0.183300971
P1F17D0,P1F17D0,66.8,P1,F17,17,D0,swab,P1D0,P1F17D0,27-Sep-22,C,7,3,6-Oct-22,20-Oct-22,,64,64.25,0.735832052,64.51929571,3.931122244,7376,P1F17D0,60,63.5,3.659949705,63.38560635,3.848296934,2575,P1F17D0,5,5,0,5,0.894427191,36,0.013980583
P1F17W2,P1F17W2,53,P1,F17,17,W2,swab,P1W2,P1F17W2,3-Oct-22,B,3,5,6-Oct-22,18-Oct-22,"robot poked holes in filter plate in first three columns, tried to save samples by running elution from holes and leftover bead plate in col 7-9 and then col 10-12 ",144,144.6,1.185908969,144.8631428,5.4227192,21904,P1F17W2,123,135.65,7.024933814,139.6095735,5.743275484,2575,P1F17W2,5,6,2.198484326,6.714285714,1.181033959,206,0.08
P1F17W3,P1F17W3,73.8,P1,F17,17,W3,swab,P1W3,P1F17W3,3-Oct-22,A,5,5,6-Oct-22,18-Oct-22,,182,186,3.890480045,184.7919472,6.015659209,30975,P1F17W3,138,162,10.99944824,165.0862776,6.285322632,2575,P1F17W3,8,8.5,1.273312031,9.947658402,1.482928356,150,0.058252427
P1F18D0,P1F18D0,25,P1,F18,18,D0,swab,P1D0,P1F18D0,27-Sep-22,C,5,3,6-Oct-22,24-Oct-22,,61,61,0.247942352,61.1552795,3.820198671,4021,P1F18D0,60,60,0,60,3.838402445,2575,P1F18D0,6,6,0,6,1.154700538,79,0.030679612
P1F18W2,P1F18W2,54.2,P1,F18,18,W2,swab,P1W2,P1F18W2,13-Oct-22,H,10,2,17-Oct-22,27-Oct-22,,204,217,9.258924743,211.9123972,6.077832985,24643,P1F18W2,164,186.5454545,10.49697747,187.9329098,6.731510028,2575,P1F18W2,16,18.5,3.14889513,21.55555556,2.197763426,393,0.152621359
P1F18W3,P1F18W3,69.6,P1,F18,18,W3,swab,P1W3,P1F18W3,13-Oct-22,A,11,2,17-Oct-22,27-Oct-22,,126,128.5,3.160354484,127.9460962,4.644652292,21942,P1F18W3,103,120.1,10.41083502,114.4017501,5.05989288,2575,P1F18W3,7,7,0,7,1.309307341,314,0.121941748
P1F1D0,P1F1D0,18,P1,F1,1,D0,swab,P1D0,P1F1D0,13-Sep-22,A,1,1,15-Sep-22,17-Oct-22,used 96-well plate bead beating,81,81,0,81,4.280302285,10295,P1F1D0,75,86.14285714,8.22963308,83.3126225,4.42526448,2575,P1F1D0,8,9.5,2.552088928,11.93167702,1.852481305,85,0.033009709
P1F1W1,P1F1W1,35.6,P1,F1,1,W1,swab,P1W1,P1F1W1,13-Oct-22,A,5,2,17-Oct-22,25-Oct-22,,96,111,13.91334184,98.05690739,4.375394005,17245,P1F1W1,87,92.2,3.987940317,94.45542689,4.559665389,2575,P1F1W1,3,3,0,3,0.816496581,29,0.011262136
P1F2D0,P1F2D0,38.6,P1,F2,2,D0,swab,P1D0,P1F2D0,22-Sep-22,A,1,2,12-Oct-22,24-Oct-22,"used tubes, 96-centrifuge protocol",124,124.3333333,0.75858751,124.8054854,5.513383006,13577,P1F2D0,97,112.8333333,9.367765473,109.5110234,4.826211115,2575,P1F2D0,11,14,4.505948449,12.8045977,1.550060744,66,0.025631068
P1F2W1,P1F2W1,35.4,P1,F2,2,W1,swab,P1W1,P1F2W1,3-Oct-22,A,1,5,6-Oct-22,18-Oct-22,"robot poked holes in filter plate in first three columns, tried to save samples by running elution from holes and leftover bead plate in col 7-9 and then col 10-12 ",67,67,0.248127314,67.20889423,3.770111854,11550,P1F2W1,60,62.33333333,2.552557796,63.4426825,3.759078743,2575,P1F2W1,4,4,0,4,0.866025404,79,0.030679612
P1F3W1,P1F3W1,59,P1,F3,3,W1,swab,P1W1,P1F3W1,5-Oct-22,A,7,1,12-Oct-22,24-Oct-22,,118,120,2.585198252,119.523085,5.001961316,16350,P1F3W1,93,104.6666667,8.00009959,101.9706143,4.910679453,2575,P1F3W1,8,8,0,8,1.414213562,359,0.139417476
P1F4D0,P1F4D0,11.3,P1,F4,4,D0,swab,P1D0,P1F4D0,13-Sep-22,B,1,1,15-Sep-22,17-Oct-22,used 96-well plate bead beating,81,84,4.63777194,81.85339178,4.064469152,7564,P1F4D0,79,82.11111111,3.100808838,82.20590422,4.332600576,2575,P1F4D0,8,8,0,8,1.224744871,86,0.033398058
P1F4W1,P1F4W1,53,P1,F4,4,W1,swab,P1W1,P1F4W1,13-Oct-22,B,5,2,17-Oct-22,25-Oct-22,,109,111,2.883975956,109.9114597,5.031342462,20665,P1F4W1,89,128,20.56792925,116.5369318,5.473020141,2575,P1F4W1,2,2,0.353553391,NA,NA,324,0.125825243
P1F5D0,P1F5D0,27.4,P1,F5,5,D0,swab,P1D0,P1F5D0,22-Sep-22,B,1,2,12-Oct-22,24-Oct-22,"used tubes, 96-centrifuge protocol",134,134.6,1.185870756,134.6714632,5.678688101,11943,P1F5D0,113,127.0555556,7.768070678,131.2059538,5.740396361,2575,P1F5D0,7,7,0,7,1.309307341,84,0.032621359
P1F5W1,P1F5W1,39.6,P1,F5,5,W1,swab,P1W1,P1F5W1,5-Oct-22,E,9,1,12-Oct-22,24-Oct-22,,103,108,6.035916804,104.6707907,4.628230994,7409,P1F5W1,94,95.66666667,2.044246911,95.91308163,4.749367402,2575,P1F5W1,7,7,0,7,1.195228609,797,0.309514563
P1F6D0,P1F6D0,27,P1,F6,6,D0,swab,P1D0,P1F6D0,22-Sep-22,C,1,2,12-Oct-22,24-Oct-22,"used tubes, 96-centrifuge protocol",115,115.6,1.185779933,115.8101084,5.259604692,8682,P1F6D0,107,114.5,5.079697544,117.2725643,5.293089202,2575,P1F6D0,9,9,0,9,1.247219129,107,0.041553398
P1F6W1,P1F6W1,56.2,P1,F6,6,W1,swab,P1W1,P1F6W1,13-Oct-22,C,5,2,17-Oct-22,25-Oct-22,,98,98.75,1.422722614,99.11693896,4.34017572,21849,P1F6W1,82,113.625,17.96366419,102.8634709,5.02591086,2575,P1F6W1,3,3,0,3,0.816496581,91,0.035339806
P1F7D0,P1F7D0,10.9,P1,F7,7,D0,swab,P1D0,P1F7D0,27-Sep-22,A,5,3,6-Oct-22,24-Oct-22,,61,61,0,61,3.750409814,4139,P1F7D0,61,65.2,4.337744318,64.64094909,3.970863752,2575,P1F7D0,7,7,0,7,1.195228609,134,0.052038835
P1F7W1,P1F7W1,26.2,P1,F7,7,W1,swab,P1W1,P1F7W1,5-Oct-22,B,8,1,12-Oct-22,24-Oct-22,,76,77,1.815636747,76.87106559,3.889306634,7826,P1F7W1,73,73.85714286,1.394578683,74.56358211,4.260215114,2575,P1F7W1,5,5,0.447213595,5.651603499,1.178795828,335,0.130097087
P1F8D0,P1F8D0,8.02,P1,F8,8,D0,swab,P1D0,P1F8D0,13-Sep-22,C,1,1,15-Sep-22,17-Oct-22,used 96-well plate bead beating,108,109.5,2.231004928,109.2187458,4.847744152,8782,P1F8D0,95,97.33333333,2.423090297,98.22699861,4.7828597,2575,P1F8D0,8,9,2.248456261,9.6,1.546664309,200,0.077669903
P1F8W1,P1F8W1,35.2,P1,F8,8,W1,swab,P1W1,P1F8W1,13-Oct-22,D,5,2,17-Oct-22,25-Oct-22,,118,118.6,1.185796208,118.9407934,4.876036029,15324,P1F8W1,101,110.5454545,6.566430227,109.4846477,5.046362574,2575,P1F8W1,9,9,0,9,1.414213562,499,0.193786408
P1F9D0,P1F9D0,39.2,P1,F9,9,D0,swab,P1D0,P1F9D0,22-Sep-22,D,1,2,12-Oct-22,24-Oct-22,"used tubes, 96-centrifuge protocol",124,124.6,1.05917773,125.2851324,5.437790911,16700,P1F9D0,104,122.0555556,9.344347132,127.1329047,5.624413109,2575,P1F9D0,6,6,0.456435465,6.441550926,1.227086159,100,0.038834951
P1F9W1,P1F9W1,44,P1,F9,9,W1,swab,P1W1,P1F9W1,5-Oct-22,F,9,1,12-Oct-22,24-Oct-22,,57,57,0.495594628,57.19385502,3.124117514,6260,P1F9W1,57,60,4.170831252,58.64946976,3.720759599,2575,P1F9W1,1,1,0,NA,NA,172,0.066796117
P2F10D0,P2F10D0,47.2,P2,F10,10,D0,swab,P2D0,P2F10D0,22-Sep-22,B,2,2,12-Oct-22,24-Oct-22,"used tubes, 96-centrifuge protocol",116,116,0.165946721,116.1803073,5.306082323,21966,P2F10D0,81,96.54545455,9.444865838,96.90802641,4.916390234,2575,P2F10D0,4,4,0,4,0.866025404,21,0.00815534
P2F10W1,P2F10W1,63,P2,F10,10,W1,swab,P2W1,P2F10W1,3-Oct-22,E,1,5,6-Oct-22,18-Oct-22,"robot poked holes in filter plate in first three columns, tried to save samples by running elution from holes and leftover bead plate in col 7-9 and then col 10-12 ",98,98,0.099488488,98.24729536,4.500298796,23410,P2F10W1,75,88.90909091,8.68371,87.73192207,4.555131994,2575,P2F10W1,2,2,0,2,0.707106781,33,0.012815534
P2F12D0,P2F12D0,26.8,P2,F12,12,D0,swab,P2D0,P2F12D0,27-Sep-22,E,5,3,6-Oct-22,24-Oct-22,,87,87.33333333,0.925074531,87.45324381,4.398117869,10799,P2F12D0,82,89.09090909,5.293053775,89.72902648,4.526030716,2575,P2F12D0,7,7,0,7,1.195228609,58,0.022524272
P2F12W1,P2F12W1,38.4,P2,F12,12,W1,swab,P2W1,P2F12W1,13-Oct-22,D,6,2,17-Oct-22,25-Oct-22,,80,80.2,0.621032846,80.6203464,4.201477342,10046,P2F12W1,73,75.4,2.376045798,78.18312065,4.1112574,2575,P2F12W1,3,3,0.40824829,4.125,0.861776938,431,0.167378641
P2F13D0,P2F13D0,16.7,P2,F13,13,D0,swab,P2D0,P2F13D0,13-Sep-22,C,2,1,15-Sep-22,17-Oct-22,used 96-well plate bead beating,161,162.1111111,1.575452527,162.2033219,6.196396369,17421,P2F13D0,128,148.2173913,9.576721035,152.19345,6.004498933,2575,P2F13D0,11,11,0.476731295,11.23683811,1.316757885,102,0.03961165
P2F13W1,P2F13W1,66.6,P2,F13,13,W1,swab,P2W1,P2F13W1,3-Oct-22,F,6,5,6-Oct-22,18-Oct-22,,107,108.875,2.256556736,110.3684021,4.794456404,27013,P2F13W1,78,82.71428571,3.778652785,86.3611369,4.596538088,2575,P2F13W1,2,2,0,2,0.707106781,62,0.02407767
P2F13W2,P2F13W2,36.4,P2,F13,13,W2,swab,P2W2,P2F13W2,13-Oct-22,H,9,2,17-Oct-22,25-Oct-22,,101,101,0.165839532,101.1920904,4.726165169,12946,P2F13W2,88,99.33333333,7.297820678,98.83428633,4.703181213,2575,P2F13W2,3,3,0,3,0.816496581,166,0.064466019
P2F13W3,P2F13W3,20.8,P2,F13,13,W3,swab,P2W3,P2F13W3,5-Oct-22,A,12,1,12-Oct-22,24-Oct-22,,113,113.3333333,0.925354944,113.4356133,5.133238263,7532,P2F13W3,104,109.5,4.509872478,108.9706129,5.067936407,2575,P2F13W3,5,5,0,5,1.095445115,81,0.031456311
P2F14D0,P2F14D0,42.4,P2,F14,14,D0,swab,P2D0,P2F14D0,22-Sep-22,C,2,2,12-Oct-22,24-Oct-22,"used tubes, 96-centrifuge protocol",189,193.6666667,4.492280576,191.7223405,6.397026313,19207,P2F14D0,152,176.6666667,10.67568152,184.0678279,6.834779006,2575,P2F14D0,6,6,0,6,1.154700538,68,0.026407767
P2F14W1,P2F14W1,57,P2,F14,14,W1,swab,P2W1,P2F14W1,13-Oct-22,E,6,2,17-Oct-22,25-Oct-22,,105,107,2.883872152,106.3181988,4.490828227,18190,P2F14W1,88,96.27272727,5.915700706,97.05380343,4.793443037,2575,P2F14W1,7,7,0,7,1.195228609,608,0.236116505
P2F14W2,P2F14W2,28,P2,F14,14,W2,swab,P2W2,P2F14W2,3-Oct-22,C,3,5,6-Oct-22,18-Oct-22,"robot poked holes in filter plate in first three columns, tried to save samples by running elution from holes and leftover bead plate in col 7-9 and then col 10-12 ",168,172,3.890406586,171.1863968,5.804539574,28208,P2F14W2,133,159.1052632,12.16593299,160.3891371,6.287076166,2575,P2F14W2,9,9,0.15713484,9.383219955,1.309088393,650,0.252427184
P2F14W3,P2F14W3,60.8,P2,F14,14,W3,swab,P2W3,P2F14W3,3-Oct-22,B,5,5,6-Oct-22,18-Oct-22,,175,175.3333333,0.925687901,175.3311258,5.939345953,29602,P2F14W3,128,157.1764706,13.64290988,155.6401572,6.157611777,2575,P2F14W3,8,14,7.101307727,16.20306966,1.908505643,92,0.035728155
P2F15D0,P2F15D0,18.9,P2,F15,15,D0,swab,P2D0,P2F15D0,27-Sep-22,F,5,3,6-Oct-22,24-Oct-22,,64,64,0,64,3.929058411,3154,P2F15D0,64,64,0.062009796,64.3184083,4.000866178,2575,P2F15D0,6,6,0,6,0.912870929,409,0.158834951
P2F15W1,P2F15W1,45.2,P2,F15,15,W1,swab,P2W1,P2F15W1,13-Oct-22,F,6,2,17-Oct-22,25-Oct-22,,94,97,4.175591816,95.21754601,4.529991294,17533,P2F15W1,77,100.3333333,13.63519259,96.99537332,4.924323062,2575,P2F15W1,4,4,0,4,1,239,0.092815534
P2F15W2,P2F15W2,37.2,P2,F15,15,W2,swab,P2W2,P2F15W2,13-Oct-22,C,10,2,17-Oct-22,27-Oct-22,,105,110,5.536928368,107.2874062,4.757130545,18965,P2F15W2,83,96.33333333,8.848169152,93.85789767,4.744110475,2575,P2F15W2,2,2,0,NA,NA,190,0.073786408
P2F15W3,P2F15W3,41.6,P2,F15,15,W3,swab,P2W3,P2F15W3,13-Oct-22,G,10,2,17-Oct-22,27-Oct-22,,112,112.1666667,0.543311711,112.5854789,4.556350517,22583,P2F15W3,93,99.06666667,4.437235756,100.3289474,4.638196363,2575,P2F15W3,2,2,0,2,0.707106781,31,0.012038835
P2F16W1,P2F16W1,50.6,P2,F16,16,W1,swab,P2W1,P2F16W1,3-Oct-22,F,1,5,6-Oct-22,18-Oct-22,"robot poked holes in filter plate in first three columns, tried to save samples by running elution from holes and leftover bead plate in col 7-9 and then col 10-12 ",105,105.6,1.185718999,106.0737148,4.553364336,16102,P2F16W1,90,96,4.698777756,96.3764808,4.710278054,2575,P2F16W1,4,4,0,4,0.866025404,285,0.110679612
P2F16W2,P2F16W2,60,P2,F16,16,W2,swab,P2W2,P2F16W2,3-Oct-22,D,3,5,6-Oct-22,18-Oct-22,"robot poked holes in filter plate in first three columns, tried to save samples by running elution from holes and leftover bead plate in col 7-9 and then col 10-12 ",119,123.6666667,4.491601797,123.1757749,5.103422364,25171,P2F16W2,93,122.25,15.03906675,119.2464485,5.500043989,2575,P2F16W2,4,4,0.433012702,5.111111111,0.939377649,1065,0.413592233
P2F16W3,P2F16W3,62.8,P2,F16,16,W3,swab,P2W3,P2F16W3,3-Oct-22,C,5,5,6-Oct-22,18-Oct-22,,147,147.6,1.059217638,148.4977362,5.483401248,32773,P2F16W3,113,126.1428571,7.142806729,132.4607928,5.678148449,2575,P2F16W3,4,4,0.433012702,4.586,0.933774446,427,0.165825243
P2F17D0,P2F17D0,25.4,P2,F17,17,D0,swab,P2D0,P2F17D0,13-Sep-22,D,2,1,15-Sep-22,17-Oct-22,used 96-well plate bead beating,220,226.1111111,4.976387685,223.75622,7.171788827,19029,P2F17D0,174,231.9545455,21.73354988,223.6785236,7.564603122,2575,P2F17D0,9,10,2.258317958,10.58333333,1.639902678,268,0.10407767
P2F17W1,P2F17W1,57.8,P2,F17,17,W1,swab,P2W1,P2F17W1,13-Oct-22,G,6,2,17-Oct-22,25-Oct-22,,90,92,2.883402445,91.19156919,4.54429489,16340,P2F17W1,73,77.4,3.556929127,80.93677575,4.276095349,2575,P2F17W1,5,6,2.198484326,6.87755102,1.174440882,94,0.036504854
P2F17W2,P2F17W2,50.6,P2,F17,17,W2,swab,P2W2,P2F17W2,3-Oct-22,E,3,5,6-Oct-22,18-Oct-22,"robot poked holes in filter plate in first three columns, tried to save samples by running elution from holes and leftover bead plate in col 7-9 and then col 10-12 ",173,179.6,5.136298313,179.700891,6.146641656,22976,P2F17W2,140,166.7142857,12.06549576,166.8943325,6.351010722,2575,P2F17W2,6,6,0,6,1.224744871,87,0.033786408
P2F17W3,P2F17W3,60,P2,F17,17,W3,swab,P2W3,P2F17W3,3-Oct-22,D,5,5,6-Oct-22,18-Oct-22,,140,143.75,4.208403375,142.2906999,5.079426542,28641,P2F17W3,111,133.2352941,11.08346412,134.8542534,5.678327194,2575,P2F17W3,4,4,0.433012702,4.347,0.539105994,21,0.00815534
P2F18D0,P2F18D0,40.8,P2,F18,18,D0,swab,P2D0,P2F18D0,22-Sep-22,D,2,2,12-Oct-22,24-Oct-22,"used tubes, 96-centrifuge protocol",87,87.33333333,0.925074531,87.50624102,4.438322414,13599,P2F18D0,72,76.71428571,3.778579502,79.91029122,4.280385672,2575,P2F18D0,4,4,0,4,0.866025404,22,0.008543689
P2F18W1,P2F18W1,40.6,P2,F18,18,W1,swab,P2W1,P2F18W1,5-Oct-22,B,9,1,12-Oct-22,24-Oct-22,,88,88.75,1.422595729,89.05648562,4.191008684,11665,P2F18W1,80,84.09090909,3.59507534,85.42478903,4.483993201,2575,P2F18W1,3,3,0,3,0.816496581,74,0.028737864
P2F18W2,P2F18W2,35,P2,F18,18,W2,swab,P2W2,P2F18W2,5-Oct-22,A,11,1,12-Oct-22,24-Oct-22,,101,103,2.88376028,102.4408699,4.318088969,9396,P2F18W2,90,95.6,5.345936712,92.90747944,4.678596999,2575,P2F18W2,3,3,0,3,0.816496581,25,0.009708738
P2F18W3,P2F18W3,50.8,P2,F18,18,W3,swab,P2W3,P2F18W3,13-Oct-22,B,11,2,17-Oct-22,27-Oct-22,,98,99,2.336577831,98.39996017,4.320380471,10614,P2F18W3,88,95.33333333,5.675763309,95.134006,4.736680076,2575,P2F18W3,3,3,0,3,0.816496581,19,0.007378641
P2F1D0,P2F1D0,24.2,P2,F1,1,D0,swab,P2D0,P2F1D0,13-Sep-22,G,1,1,15-Sep-22,17-Oct-22,used 96-well plate bead beating,90,90.16666667,0.543236019,90.62838389,4.450066986,11060,P2F1D0,87,102.3,9.562184823,99.42941357,4.771743701,2575,P2F1D0,7,8,2.236067977,8.794681509,1.435840457,36,0.013980583
P2F1W1,P2F1W1,55.6,P2,F1,1,W1,swab,P2W1,P2F1W1,13-Oct-22,G,5,2,17-Oct-22,25-Oct-22,,89,89.25,0.736121296,89.6379247,4.202588854,22950,P2F1W1,74,91,10.65396896,88.831258,4.658143437,2575,P2F1W1,3,3,0.40824829,NA,NA,46,0.017864078
P2F2D0,P2F2D0,22.2,P2,F2,2,D0,swab,P2D0,P2F2D0,22-Sep-22,G,1,2,12-Oct-22,24-Oct-22,"used tubes, 96-centrifuge protocol",80,80.75,1.422471584,81.13029566,4.206387382,5511,P2F2D0,77,84.2,6.437341774,81.59806695,4.419144937,2575,P2F2D0,8,8,0.467707173,8.577256944,1.448171335,253,0.098252427
P2F2W1,P2F2W1,57.4,P2,F2,2,W1,swab,P2W1,P2F2W1,3-Oct-22,D,1,5,6-Oct-22,18-Oct-22,"robot poked holes in filter plate in first three columns, tried to save samples by running elution from holes and leftover bead plate in col 7-9 and then col 10-12 ",118,119.4285714,1.934465431,119.8768094,5.196503257,22283,P2F2W1,86,91.2,3.987931245,92.80389508,4.445788807,2575,P2F2W1,2,2,0.353553391,NA,NA,135,0.052427184
P2F3D0,P2F3D0,85.6,P2,F3,3,D0,swab,P2D0,P2F3D0,27-Sep-22,D,7,3,6-Oct-22,20-Oct-22,,40,40,0,40,3.016620626,3840,P2F3D0,40,40.2,0.620457222,40.78861117,3.099884944,2575,P2F3D0,3,3,0,3,1.83E-08,14,0.005436893
P2F3W1,P2F3W1,44.6,P2,F3,3,W1,swab,P2W1,P2F3W1,5-Oct-22,C,7,1,12-Oct-22,24-Oct-22,,77,77,0.165580879,77.21960831,3.941947692,10095,P2F3W1,72,76,3.687314494,76.20858596,4.165698214,2575,P2F3W1,5,5,0,5,1.095445115,276,0.107184466
P2F4W1,P2F4W1,63.6,P2,F4,4,W1,swab,P2W1,P2F4W1,13-Oct-22,H,5,2,17-Oct-22,25-Oct-22,,87,90.33333333,4.124392628,89.22075831,4.249861593,22213,P2F4W1,72,76.875,3.767693283,81.71822955,4.402354856,2575,P2F4W1,4,4,0.216506351,5.032921811,1.065803734,39,0.015145631
P2F5D0,P2F5D0,34.2,P2,F5,5,D0,swab,P2D0,P2F5D0,22-Sep-22,H,1,2,12-Oct-22,24-Oct-22,"used tubes, 96-centrifuge protocol",42,42,0,42,2.927700219,3212,P2F5D0,42,42,0,42,3.105295017,2575,P2F5D0,2,2,0,NA,NA,29,0.011262136
P2F5W1,P2F5W1,67.4,P2,F5,5,W1,swab,P2W1,P2F5W1,13-Oct-22,A,6,2,17-Oct-22,25-Oct-22,,95,95.42857143,0.912644344,96.02770606,4.570770546,19722,P2F5W1,77,90.6,8.744998091,88.42553886,4.457421079,2575,P2F5W1,2,2,0,2,0.707106781,16,0.006213592
P2F6D0,P2F6D0,21.6,P2,F6,6,D0,swab,P2D0,P2F6D0,27-Sep-22,D,5,3,6-Oct-22,24-Oct-22,,83,83.75,1.422520919,83.8190586,4.275385917,9572,P2F6D0,79,81.33333333,2.422974124,82.99035335,4.426812579,2575,P2F6D0,9,9,0,9,1.414213562,100,0.038834951
P2F6W1,P2F6W1,41.4,P2,F6,6,W1,swab,P2W1,P2F6W1,5-Oct-22,C,8,1,12-Oct-22,24-Oct-22,,99,100.5,2.593764049,99.99379463,4.392381857,9917,P2F6W1,91,92.5,1.776734177,94.12333716,4.730423572,2575,P2F6W1,5,5,0,5,1.095445115,307,0.119223301
P2F7D0,P2F7D0,5.98,P2,F7,7,D0,swab,P2D0,P2F7D0,13-Sep-22,A,2,1,15-Sep-22,17-Oct-22,used 96-well plate bead beating,191,191.2,0.621368445,191.3508813,6.495331569,18659,P2F7D0,158,175.1034483,8.036815125,179.3528833,6.280927962,2575,P2F7D0,12,12,0,12,1.632993162,163,0.063300971
P2F7W1,P2F7W1,69.8,P2,F7,7,W1,swab,P2W1,P2F7W1,13-Oct-22,B,6,2,17-Oct-22,25-Oct-22,,95,96,1.816128233,95.80668965,4.515161145,20985,P2F7W1,74,91.1,10.40993427,90.30481284,4.764429301,2575,P2F7W1,4,5,2.167948339,8,1.185116623,23,0.008932039
P2F8D0,P2F8D0,46.8,P2,F8,8,D0,swab,P2D0,P2F8D0,22-Sep-22,A,2,2,12-Oct-22,24-Oct-22,"used tubes, 96-centrifuge protocol",125,125.1666667,0.543343929,125.4001902,5.358894962,14956,P2F8D0,106,116,6.003588891,119.5950633,5.298134579,2575,P2F8D0,3,3,0.40824829,3.527111111,0.657484766,16,0.006213592
P2F8W1,P2F8W1,55.8,P2,F8,8,W1,swab,P2W1,P2F8W1,5-Oct-22,A,9,1,12-Oct-22,24-Oct-22,,74,75,2.333809475,74.47854671,3.829819008,11442,P2F8W1,66,70.5,4.105733536,70.79399248,4.052326824,2575,P2F8W1,2,2,0.353553391,NA,NA,46,0.017864078
P2F9D0,P2F9D0,10.4,P2,F9,9,D0,swab,P2D0,P2F9D0,13-Sep-22,B,2,1,15-Sep-22,17-Oct-22,used 96-well plate bead beating,207,209.3333333,2.553484674,209.0648207,6.734150717,17620,P2F9D0,176,199.9166667,9.755524365,208.6941127,6.962067241,2575,P2F9D0,11,12.5,2.563201124,18.025,2.004911787,159,0.061747573
P2F9W1,P2F9W1,34,P2,F9,9,W1,swab,P2W1,P2F9W1,13-Oct-22,C,6,2,17-Oct-22,25-Oct-22,,102,108,7.376137703,103.0965815,4.781339221,12184,P2F9W1,91,98.5,5.225875445,99.52312938,4.71201034,2575,P2F9W1,2,2,0,2,0.707106781,414,0.160776699
P3F10W1,P3F10W1,66,P3,F10,10,W1,swab,P3W1,P3F10W1,3-Oct-22,H,1,5,6-Oct-22,18-Oct-22,"robot poked holes in filter plate in first three columns, tried to save samples by running elution from holes and leftover bead plate in col 7-9 and then col 10-12 ",106,106,0,106,4.841838104,25140,P3F10W1,77,87.5,7.205759601,87.61290642,4.548713262,2575,P3F10W1,3,3,0,3,0.816496581,30,0.011650485
P3F11D0,P3F11D0,53.6,P3,F11,11,D0,swab,P3D0,P3F11D0,13-Sep-22,H,2,1,15-Sep-22,17-Oct-22,used 96-well plate bead beating,24,24,0,24,2.440969753,3156,P3F11D0,24,24,0,24,2.449489743,2575,P3F11D0,0,0,NA,NA,NA,0,0
P3F11W1,P3F11W1,63.6,P3,F11,11,W1,swab,P3W1,P3F11W1,13-Oct-22,D,8,2,17-Oct-22,25-Oct-22,,113,118,6.036830814,114.3845709,4.800087717,24999,P3F11W1,84,122.5,22.94119775,101.3769648,4.887037682,2575,P3F11W1,4,4,0,4,0.866025404,138,0.053592233
P3F12D0,P3F12D0,55.4,P3,F12,12,D0,swab,P3D0,P3F12D0,27-Sep-22,H,5,3,6-Oct-22,24-Oct-22,,92,92,0.099455037,92.22802115,4.343419696,23330,P3F12D0,66,71,4.312043927,71.13291084,3.936408086,2575,P3F12D0,2,2,0,2,0,8,0.003106796
P3F12W1,P3F12W1,61,P3,F12,12,W1,swab,P3W1,P3F12W1,5-Oct-22,C,9,1,12-Oct-22,24-Oct-22,,49,49,0,49,2.821202523,6782,P3F12W1,47,47.2,0.62062844,47.65974845,3.405707787,2575,P3F12W1,1,1,0,NA,NA,252,0.097864078
P3F13D0,P3F13D0,24.4,P3,F13,13,D0,swab,P3D0,P3F13D0,22-Sep-22,A,3,2,12-Oct-22,24-Oct-22,"used tubes, 96-centrifuge protocol",75,75,0.099331096,75.28022772,4.20909255,5689,P3F13D0,72,72.07142857,0.307644096,72.72274968,4.204078421,2575,P3F13D0,7,7,0,7,1.195228609,294,0.114174757
P3F13W1,P3F13W1,33.6,P3,F13,13,W1,swab,P3W1,P3F13W1,26-Sep-22,F,9,4,17-Oct-22,25-Oct-22,samples put in with leons plate,72,72.33333333,0.924820983,72.55703026,3.865587165,4462,P3F13W1,70,71.5,2.230171957,71.24638652,4.092580678,2575,P3F13W1,5,5,0,5,1.095445115,273,0.106019417
P3F13W2,P3F13W2,37.8,P3,F13,13,W2,swab,P3W2,P3F13W2,5-Oct-22,B,12,1,12-Oct-22,24-Oct-22,,114,117.3333333,4.125560066,115.598009,4.814599068,12177,P3F13W2,102,107.5,4.338554361,108.8813885,5.112627355,2575,P3F13W2,6,7.5,2.53968502,9.685714286,1.388071184,71,0.027572816
P3F13W3,P3F13W3,80.2,P3,F13,13,W3,swab,P3W3,P3F13W3,13-Oct-22,A,10,2,17-Oct-22,27-Oct-22,,160,163.1111111,3.101417592,163.5480527,5.76085147,36039,P3F13W3,108,131,12.76218074,124.8755643,5.419289902,2575,P3F13W3,7,7,0.46291005,7.393518519,1.255379178,152,0.059029126
P3F14W1,P3F14W1,72.6,P3,F14,14,W1,swab,P3W1,P3F14W1,13-Oct-22,E,8,2,17-Oct-22,25-Oct-22,,88,88,0,88,4.369314488,23287,P3F14W1,71,80.23076923,6.164790575,81.02515723,4.134983657,2575,P3F14W1,2,2,0.353553391,NA,NA,40,0.015533981
P3F14W2,P3F14W2,56.4,P3,F14,14,W2,swab,P3W2,P3F14W2,3-Oct-22,F,3,5,6-Oct-22,18-Oct-22,"robot poked holes in filter plate in first three columns, tried to save samples by running elution from holes and leftover bead plate in col 7-9 and then col 10-12 ",98,99,2.336577831,98.54364204,4.089611349,25565,P3F14W2,79,88.54545455,6.566019265,89.59051236,4.594940506,2575,P3F14W2,2,2,0,2,0,11,0.004271845
P3F14W3,P3F14W3,42.8,P3,F14,14,W3,swab,P3W3,P3F14W3,3-Oct-22,E,5,5,6-Oct-22,18-Oct-22,,109,109,0.062212642,109.3077558,4.829667279,27443,P3F14W3,80,91.875,7.058634463,97.19746285,4.806855767,2575,P3F14W3,6,6,0,6,1.154700538,40,0.015533981
P3F15D0,P3F15D0,18.5,P3,F15,15,D0,swab,P3D0,P3F15D0,13-Sep-22,A,3,1,15-Sep-22,17-Oct-22,used 96-well plate bead beating,214,219,5.539833156,215.4753293,6.761236987,18579,P3F15D0,175,193,8.001442981,199.2101657,6.695846843,2575,P3F15D0,2,2,0,NA,NA,32,0.012427184
P3F15W1,P3F15W1,55.8,P3,F15,15,W1,swab,P3W1,P3F15W1,5-Oct-22,E,7,1,12-Oct-22,24-Oct-22,,66,66.5,1.295778281,66.42157629,3.937322036,14320,P3F15W1,54,56.33333333,2.422660466,59.8076386,3.770429531,2575,P3F15W1,4,4,0,4,0.866025404,247,0.09592233
P3F15W2,P3F15W2,51.8,P3,F15,15,W2,swab,P3W2,P3F15W2,13-Oct-22,D,10,2,17-Oct-22,27-Oct-22,,103,103.2,0.621161702,103.4652048,4.775842285,20868,P3F15W2,84,103,11.28974533,99.36306333,4.795616019,2575,P3F15W2,2,2,0,2,0.707106781,22,0.008543689
P3F15W3,P3F15W3,41.2,P3,F15,15,W3,swab,P3W3,P3F15W3,5-Oct-22,E,12,1,12-Oct-22,24-Oct-22,,89,89.33333333,0.9251019,89.47573758,4.342942096,12078,P3F15W3,80,85,4.13256863,85.23188568,4.387593623,2575,P3F15W3,3,3,0,3,0.816496581,128,0.049708738
P3F16D0,P3F16D0,13.2,P3,F16,16,D0,swab,P3D0,P3F16D0,13-Sep-22,B,3,1,15-Sep-22,17-Oct-22,used 96-well plate bead beating,85,85.25,0.736086423,85.57966716,4.155112536,11196,P3F16D0,76,80.66666667,4.490600552,78.96728994,4.086401742,2575,P3F16D0,5,6,2.198484326,6.420991926,0.982293488,19,0.007378641
P3F16W1,P3F16W1,16.7,P3,F16,16,W1,swab,P3W1,P3F16W1,3-Oct-22,A,2,5,6-Oct-22,18-Oct-22,"robot poked holes in filter plate in first three columns, tried to save samples by running elution from holes and leftover bead plate in col 7-9 and then col 10-12 ",116,117.2,1.840354618,117.5059988,4.867180786,27360,P3F16W1,88,113.6666667,14.70151343,108.4233238,5.241887614,2575,P3F16W1,6,6,0.152145155,7.2696793,1.475216497,89,0.034563107
P3F16W2,P3F16W2,56,P3,F16,16,W2,swab,P3W2,P3F16W2,3-Oct-22,G,3,5,6-Oct-22,18-Oct-22,"robot poked holes in filter plate in first three columns, tried to save samples by running elution from holes and leftover bead plate in col 7-9 and then col 10-12 ",110,110.8571429,1.39484858,111.5221536,4.780102634,24111,P3F16W2,88,99.33333333,7.297820678,102.2749669,5.103882151,2575,P3F16W2,5,5,0.223606798,5.6,1.117688863,50,0.019417476
P3F16W3,P3F16W3,61,P3,F16,16,W3,swab,P3W3,P3F16W3,3-Oct-22,F,5,5,6-Oct-22,18-Oct-22,,132,132.5,1.026994149,132.830272,5.018017398,31514,P3F16W3,99,113.6153846,8.645887128,113.5857941,5.215830788,2575,P3F16W3,5,5,0,5,1.095445115,83,0.03223301
P3F17D0,P3F17D0,23.8,P3,F17,17,D0,swab,P3D0,P3F17D0,27-Sep-22,A,8,3,6-Oct-22,20-Oct-22,,72,72,0,72,4.136557882,7820,P3F17D0,70,72.76923077,2.675273048,75.7207194,4.269028009,2575,P3F17D0,2,2,0,2,0.707106781,20,0.00776699
P3F17W1,P3F17W1,50.2,P3,F17,17,W1,swab,P3W1,P3F17W1,5-Oct-22,C,10,1,12-Oct-22,24-Oct-22,,121,122.2,1.840393468,122.3117762,4.889491311,17626,P3F17W1,101,111.5555556,6.313650745,115.0957202,5.117772777,2575,P3F17W1,8,8,0.155902391,8.951660156,1.510841067,697,0.270679612
P3F17W2,P3F17W2,32,P3,F17,17,W2,swab,P3W2,P3F17W2,3-Oct-22,H,3,5,6-Oct-22,18-Oct-22,"robot poked holes in filter plate in first three columns, tried to save samples by running elution from holes and leftover bead plate in col 7-9 and then col 10-12 ",43,43,0.494151846,43.27134766,3.103103751,2816,P3F17W2,43,44,2.325745237,43.63617432,3.216346418,2575,P3F17W2,4,4,0,4,0.866025404,411,0.15961165
P3F17W3,P3F17W3,65,P3,F17,17,W3,swab,P3W3,P3F17W3,3-Oct-22,G,5,5,6-Oct-22,18-Oct-22,,118,119.5,2.594450144,118.6769842,4.713616486,25813,P3F17W3,95,106.875,7.058836726,109.4488623,4.962078202,2575,P3F17W3,5,6,2.198484326,7.162299239,1.306090627,51,0.019805825
P3F18D0,P3F18D0,21.6,P3,F18,18,D0,swab,P3D0,P3F18D0,27-Sep-22,A,6,3,6-Oct-22,20-Oct-22,,54,54.33333333,0.924331734,54.57785198,3.520312597,5128,P3F18D0,52,54,2.881043478,53.44807778,3.580706714,2575,P3F18D0,1,1,0,NA,NA,12,0.004660194
P3F18W1,P3F18W1,59,P3,F18,18,W1,swab,P3W1,P3F18W1,13-Oct-22,F,8,2,17-Oct-22,25-Oct-22,,95,95,0,95,4.569924565,20421,P3F18W1,78,99,12.20009314,98.1745919,4.973482674,2575,P3F18W1,3,3,0.40824829,4.125,0.861776938,101,0.039223301
P3F18W2,P3F18W2,36.2,P3,F18,18,W2,swab,P3W2,P3F18W2,5-Oct-22,B,11,1,12-Oct-22,24-Oct-22,,99,101,2.584952649,101.1004329,4.549334614,13119,P3F18W2,85,87.25,2.254912427,89.96307888,4.560463416,2575,P3F18W2,4,4,0.216506351,4.694444444,0.996581715,101,0.039223301
P3F18W3,P3F18W3,39.4,P3,F18,18,W3,swab,P3W3,P3F18W3,5-Oct-22,C,12,1,12-Oct-22,24-Oct-22,,63,63,0.124003968,63.29487031,3.620657891,12609,P3F18W3,56,65,8.040701749,61.69289,3.849814308,2575,P3F18W3,1,1,0,NA,NA,23,0.008932039
P3F1D0,P3F1D0,63.2,P3,F1,1,D0,swab,P3D0,P3F1D0,22-Sep-22,E,2,2,12-Oct-22,24-Oct-22,"used tubes, 96-centrifuge protocol",98,98,0,98,4.865538962,22141,P3F1D0,73,78.05555556,3.777015835,83.36665453,4.441190156,2575,P3F1D0,7,7,0,7,2.11E-08,27,0.010485437
P3F1W1,P3F1W1,65.6,P3,F1,1,W1,swab,P3W1,P3F1W1,13-Oct-22,H,6,2,17-Oct-22,25-Oct-22,,97,97.33333333,0.925200121,97.61942927,4.385652618,17855,P3F1W1,76,84.75,6.039696068,86.43224526,4.458516735,2575,P3F1W1,3,3,0,3,0.816496581,806,0.313009709
P3F2D0,P3F2D0,29,P3,F2,2,D0,swab,P3D0,P3F2D0,27-Sep-22,G,7,3,6-Oct-22,20-Oct-22,,83,83.5,1.296442622,83.53653355,4.351170908,10122,P3F2D0,75,78.6,3.355674697,79.24301097,4.257723026,2575,P3F2D0,5,5,0,5,1.095445115,72,0.027961165
P3F2W1,P3F2W1,56,P3,F2,2,W1,swab,P3W1,P3F2W1,3-Oct-22,G,1,5,6-Oct-22,18-Oct-22,"robot poked holes in filter plate in first three columns, tried to save samples by running elution from holes and leftover bead plate in col 7-9 and then col 10-12 ",95,96,1.816128233,95.93567013,4.116407551,15587,P3F2W1,82,95,9.25631552,88.96308954,4.38309389,2575,P3F2W1,4,4,0,4,0.866025404,133,0.051650485
P3F3D0,P3F3D0,21,P3,F3,3,D0,swab,P3D0,P3F3D0,13-Sep-22,E,2,1,15-Sep-22,17-Oct-22,used 96-well plate bead beating,110,110,0.071103155,110.3091461,4.911336357,17965,P3F3D0,87,96.06666667,5.89383859,97.34004934,4.822883329,2575,P3F3D0,5,6,2.198484326,6.920987654,1.139426948,38,0.014757282
P3F3W1,P3F3W1,67.8,P3,F3,3,W1,swab,P3W1,P3F3W1,5-Oct-22,D,7,1,12-Oct-22,24-Oct-22,,112,112.1666667,0.543311711,112.5143868,4.976080853,13638,P3F3W1,100,112.6666667,7.511964402,116.8293371,5.456112356,2575,P3F3W1,6,6,0.152145155,6.5,1.208967058,368,0.142912621
P3F4D0,P3F4D0,29.8,P3,F4,4,D0,swab,P3D0,P3F4D0,22-Sep-22,F,2,2,12-Oct-22,24-Oct-22,"used tubes, 96-centrifuge protocol",151,151.2,0.621304312,151.4257429,5.867078764,12182,P3F4D0,137,150.5416667,7.085720851,153.7253641,5.828428481,2575,P3F4D0,12,13,2.278663576,13.14393939,1.73162905,127,0.049320388
P3F4W1,P3F4W1,57.4,P3,F4,4,W1,swab,P3W1,P3F4W1,5-Oct-22,A,10,1,12-Oct-22,24-Oct-22,,76,76.5,1.296204868,76.49543135,3.962221133,14314,P3F4W1,66,71,4.312043927,71.66252465,3.993007209,2575,P3F4W1,1,1,0,NA,NA,117,0.045436893
P3F5D0,P3F5D0,46,P3,F5,5,D0,swab,P3D0,P3F5D0,22-Sep-22,G,2,2,12-Oct-22,24-Oct-22,"used tubes, 96-centrifuge protocol",88,89.5,2.230654731,89.14953747,4.54153559,6740,P3F5D0,84,87.21428571,2.915508813,89.43460045,4.547464749,2575,P3F5D0,8,8,0,8,1.369306394,109,0.042330097
P3F5W1,P3F5W1,43.4,P3,F5,5,W1,swab,P3W1,P3F5W1,5-Oct-22,D,8,1,12-Oct-22,24-Oct-22,,94,94.5,1.296745009,94.40479068,4.684794066,9772,P3F5W1,86,88.57142857,2.514899083,90.61378237,4.550155495,2575,P3F5W1,5,6,2.198484326,9.090909091,1.861868393,345,0.133980583
P3F6D0,P3F6D0,42,P3,F6,6,D0,swab,P3D0,P3F6D0,27-Sep-22,G,5,3,6-Oct-22,24-Oct-22,,110,110.3333333,0.925329337,110.3407533,4.953019532,9818,P3F6D0,101,101.8823529,1.24618283,103.3308557,4.746179537,2575,P3F6D0,5,5,0,5,0.894427191,49,0.019029126
P3F6W1,P3F6W1,65.2,P3,F6,6,W1,swab,P3W1,P3F6W1,13-Oct-22,A,8,2,17-Oct-22,25-Oct-22,,125,125,0.248997992,125.1725664,5.158326666,32050,P3F6W1,98,118.6470588,10.4796291,123.5310284,5.659369909,2575,P3F6W1,7,7.5,1.26984251,8.786666667,1.306378393,544,0.211262136
P3F7D0,P3F7D0,20.6,P3,F7,7,D0,swab,P3D0,P3F7D0,13-Sep-22,F,2,1,15-Sep-22,17-Oct-22,used 96-well plate bead beating,131,131.25,0.736359085,131.3948126,5.575947135,12089,P3F7D0,113,142.5454545,15.53405758,131.371058,5.482464031,2575,P3F7D0,8,8,0,8,0.935414347,72,0.027961165
P3F7W1,P3F7W1,49.4,P3,F7,7,W1,swab,P3W1,P3F7W1,5-Oct-22,B,10,1,12-Oct-22,24-Oct-22,,98,99.5,2.593720674,98.7436413,4.345158489,15850,P3F7W1,87,96.06666667,5.89383859,99.71215283,4.873518459,2575,P3F7W1,5,5,0.223606798,5.825072886,1.105284496,717,0.278446602
P3F8D0,P3F8D0,15.3,P3,F8,8,D0,swab,P3D0,P3F8D0,13-Sep-22,G,2,1,15-Sep-22,17-Oct-22,used 96-well plate bead beating,112,112.1428571,0.486780385,112.5071386,5.16238816,8527,P3F8D0,101,114.1538462,7.993169556,113.7828896,5.169430494,2575,P3F8D0,8,8.5,1.273312031,11.02777778,1.833335751,78,0.030291262
P3F8W1,P3F8W1,44.4,P3,F8,8,W1,swab,P3W1,P3F8W1,13-Oct-22,B,8,2,17-Oct-22,25-Oct-22,,128,131.3333333,4.125976349,129.329537,5.126188742,25998,P3F8W1,94,99.45454545,3.831948454,104.8652536,4.888839058,2575,P3F8W1,4,5,2.167948339,7.666666667,1.11346244,713,0.276893204
P3F9D0,P3F9D0,31.6,P3,F9,9,D0,swab,P3D0,P3F9D0,22-Sep-22,H,2,2,12-Oct-22,24-Oct-22,"used tubes, 96-centrifuge protocol",51,51,0.16502459,51.25782552,3.541256228,4365,P3F9D0,50,51.2,1.839130229,51.30785931,3.455957061,2575,P3F9D0,5,5,0,5,0.894427191,40,0.015533981
P3F9W1,P3F9W1,55.2,P3,F9,9,W1,swab,P3W1,P3F9W1,13-Oct-22,C,8,2,17-Oct-22,25-Oct-22,,122,122.2,0.621231552,122.5425165,4.779341658,19714,P3F9W1,100,109.5454545,6.566415128,109.0470349,5.0293237,2575,P3F9W1,3,3,0,3,0.816496581,546,0.212038835
P4F10D0,P4F10D0,35,P4,F10,10,D0,swab,P4D0,P4F10D0,27-Sep-22,C,8,3,6-Oct-22,20-Oct-22,,76,83.5,8.161336299,78.50747258,4.207905827,6565,P4F10D0,72,75.27272727,3.086299798,77.30103897,4.307127957,2575,P4F10D0,7,7,0,7,1.195228609,64,0.024854369
P4F10W1,P4F10W1,74.4,P4,F10,10,W1,swab,P4W1,P4F10W1,3-Oct-22,C,2,5,6-Oct-22,18-Oct-22,"robot poked holes in filter plate in first three columns, tried to save samples by running elution from holes and leftover bead plate in col 7-9 and then col 10-12 ",103,105.5,3.159935058,105.155469,4.667176225,20163,P4F10W1,82,93.33333333,7.297699555,94.79849462,4.769576743,2575,P4F10W1,5,5,0,5,0.894427191,186,0.07223301
P4F11D0,P4F11D0,33.8,P4,F11,11,D0,swab,P4D0,P4F11D0,27-Sep-22,C,6,3,6-Oct-22,20-Oct-22,,62,62,0.49595135,62.18366341,3.702202585,5517,P4F11D0,62,62.14285714,0.486583905,62.66827575,3.889501542,2575,P4F11D0,6,6,0,6,0.912870929,44,0.017087379
P4F11W1,P4F11W1,53.4,P4,F11,11,W1,swab,P4W1,P4F11W1,13-Oct-22,D,7,2,17-Oct-22,25-Oct-22,,124,129.25,5.372645649,126.3388662,5.355481551,19274,P4F11W1,103,126.0769231,12.23215844,120.779866,5.102424129,2575,P4F11W1,11,11,0.476731295,11.39174807,1.628012429,1155,0.448543689
P4F12D0,P4F12D0,35.6,P4,F12,12,D0,swab,P4D0,P4F12D0,13-Sep-22,F,3,1,15-Sep-22,17-Oct-22,used 96-well plate bead beating,134,134.1428571,0.486820425,134.4259841,5.59316017,13399,P4F12D0,110,114.55,3.450971936,117.4482977,5.034414833,2575,P4F12D0,9,9,0.15713484,9.445777778,1.093591888,58,0.022524272
P4F12W1,P4F12W1,52.4,P4,F12,12,W1,swab,P4W1,P4F12W1,5-Oct-22,E,10,1,12-Oct-22,24-Oct-22,,127,129.5,3.16036934,128.7498508,5.192391568,17985,P4F12W1,102,118.2352941,8.755939881,126.5480969,5.849110417,2575,P4F12W1,8,11,4.461960433,12.425,1.5464487,416,0.161553398
P4F13D0,P4F13D0,24.4,P4,F13,13,D0,swab,P4D0,P4F13D0,22-Sep-22,G,3,2,12-Oct-22,24-Oct-22,"used tubes, 96-centrifuge protocol",61,61.5,1.295512894,61.38376102,3.666608013,4886,P4F13D0,58,58.5,1.295331855,58.45186076,3.778382274,2575,P4F13D0,9,9,0,9,1.414213562,97,0.037669903
P4F13W1,P4F13W1,86.2,P4,F13,13,W1,swab,P4W1,P4F13W1,13-Oct-22,E,7,2,17-Oct-22,25-Oct-22,,23,23,0,23,2.105892354,3306,P4F13W1,23,23,0,23,2.340568493,2575,P4F13W1,2,2,0,NA,NA,114,0.044271845
P4F13W2,P4F13W2,52.6,P4,F13,13,W2,swab,P4W2,P4F13W2,13-Oct-22,F,9,2,17-Oct-22,25-Oct-22,,88,93,6.034176855,89.88419473,4.282432346,12634,P4F13W2,77,81.09090909,3.595033548,82.0494183,4.315783719,2575,P4F13W2,6,6,0.456435465,6.545189504,1.135390087,480,0.186407767
P4F13W3,P4F13W3,41.2,P4,F13,13,W3,swab,P4W3,P4F13W3,13-Oct-22,B,10,2,17-Oct-22,27-Oct-22,,116,116.3333333,0.925379229,116.4106752,4.668329846,16893,P4F13W3,105,109.7727273,3.503462081,114.1305593,5.116175103,2575,P4F13W3,7,7,0.46291005,7.586,1.225723583,69,0.026796117
P4F14D0,P4F14D0,37.4,P4,F14,14,D0,swab,P4D0,P4F14D0,27-Sep-22,D,6,3,6-Oct-22,20-Oct-22,,110,111.5,2.594189783,110.9335624,4.66087794,8624,P4F14D0,97,98.5,1.874951776,99.07688812,4.80696725,2575,P4F14D0,12,12,0,12,1.707825128,162,0.062912621
P4F14W1,P4F14W1,60,P4,F14,14,W1,swab,P4W1,P4F14W1,5-Oct-22,F,10,1,12-Oct-22,24-Oct-22,,138,139.875,2.256724219,139.9708533,5.666761208,23231,P4F14W1,104,119,7.94904003,125.2543197,5.551013083,2575,P4F14W1,9,9,0.23570226,9.416666667,1.453432026,410,0.159223301
P4F14W2,P4F14W2,84.8,P4,F14,14,W2,swab,P4W2,P4F14W2,3-Oct-22,A,4,5,6-Oct-22,18-Oct-22,,136,138.1428571,2.530868849,138.1885342,5.412514204,27911,P4F14W2,100,114.4375,8.145758763,116.9400452,5.271019234,2575,P4F14W2,9,9,0.15713484,9.461805556,1.462785809,399,0.154951456
P4F14W3,P4F14W3,69.4,P4,F14,14,W3,swab,P4W3,P4F14W3,3-Oct-22,H,5,5,6-Oct-22,18-Oct-22,,124,124,0.099595958,124.2158628,5.187473601,28006,P4F14W3,92,112.3125,10.51144915,116.8349373,5.57715839,2575,P4F14W3,4,4,0,4,0.866025404,41,0.01592233
P4F15D0,P4F15D0,37.4,P4,F15,15,D0,swab,P4D0,P4F15D0,13-Sep-22,G,3,1,15-Sep-22,17-Oct-22,used 96-well plate bead beating,115,116.5,2.594356702,115.8083401,4.931294949,16056,P4F15D0,96,104.5,5.412553817,107.3367699,4.822246524,2575,P4F15D0,10,10,0.237170825,10.32920311,1.06402176,58,0.022524272
P4F15W1,P4F15W1,47.4,P4,F15,15,W1,swab,P4W1,P4F15W1,26-Sep-22,E,9,4,17-Oct-22,25-Oct-22,samples put in with leons plate,98,101,4.175897366,98.80234502,4.779216623,9757,P4F15W1,88,93.57142857,4.240970784,95.13089101,4.60440158,2575,P4F15W1,6,6,0.456435465,6.701388889,1.245941922,168,0.065242718
P4F15W2,P4F15W2,45.2,P4,F15,15,W2,swab,P4W2,P4F15W2,13-Oct-22,E,10,2,17-Oct-22,27-Oct-22,,89,89.5,1.296616784,89.45926336,4.148210786,15387,P4F15W2,78,82.58333333,3.821172036,83.50153837,4.106946408,2575,P4F15W2,4,4,0.433012702,4.534184823,0.923639274,42,0.01631068
P4F15W3,P4F15W3,18.5,P4,F15,15,W3,swab,P4W3,P4F15W3,5-Oct-22,D,12,1,12-Oct-22,24-Oct-22,,94,95,1.816107269,95.02361049,4.412441144,7993,P4F15W3,90,91.61538462,1.883874249,92.74673975,4.63022452,2575,P4F15W3,7,7,0,7,1.309307341,191,0.074174757
P4F16D0,P4F16D0,34,P4,F16,16,D0,swab,P4D0,P4F16D0,22-Sep-22,H,3,2,12-Oct-22,24-Oct-22,"used tubes, 96-centrifuge protocol",39,39,0,39,2.810237694,2961,P4F16D0,39,39,0,39,3.038218101,2575,P4F16D0,2,2,0,2,0.707106781,23,0.008932039
P4F16W1,P4F16W1,76.8,P4,F16,16,W1,swab,P4W1,P4F16W1,3-Oct-22,D,2,5,6-Oct-22,18-Oct-22,"robot poked holes in filter plate in first three columns, tried to save samples by running elution from holes and leftover bead plate in col 7-9 and then col 10-12 ",106,106.375,0.826337227,106.9788931,4.864040128,24064,P4F16W1,84,97.57142857,8.034902607,98.59976932,4.762115817,2575,P4F16W1,5,5,0.447213595,NA,NA,141,0.054757282
P4F16W2,P4F16W2,66.8,P4,F16,16,W2,swab,P4W2,P4F16W2,3-Oct-22,B,4,5,6-Oct-22,18-Oct-22,,91,91.33333333,0.925128069,91.48313865,4.273885715,11588,P4F16W2,85,94.16666667,7.379785685,90.11035779,4.577681466,2575,P4F16W2,10,10,0,10,1.58113883,187,0.072621359
P4F16W3,P4F16W3,56.2,P4,F16,16,W3,swab,P4W3,P4F16W3,3-Oct-22,A,6,5,6-Oct-22,18-Oct-22,,213,214.6666667,2.044627929,214.5254698,6.824517415,23126,P4F16W3,169,206.1428571,15.53038107,201.9672813,7.009855333,2575,P4F16W3,11,11,0,11,1.651445648,229,0.088932039
P4F17D0,P4F17D0,51.2,P4,F17,17,D0,swab,P4D0,P4F17D0,27-Sep-22,E,6,3,6-Oct-22,20-Oct-22,,68,68,0,68,3.809817041,7139,P4F17D0,65,74,8.042026961,69.82085112,4.100196038,2575,P4F17D0,3,3,0,3,1.49E-08,21,0.00815534
P4F17W1,P4F17W1,41.2,P4,F17,17,W1,swab,P4W1,P4F17W1,13-Oct-22,F,7,2,17-Oct-22,25-Oct-22,,80,80.75,1.422471584,81.33125164,3.520535523,10259,P4F17W1,73,75.14285714,2.530221567,75.50628165,4.266511992,2575,P4F17W1,6,6,0.456435465,6.701388889,1.245941922,206,0.08
P4F17W2,P4F17W2,70.8,P4,F17,17,W2,swab,P4W2,P4F17W2,3-Oct-22,C,4,5,6-Oct-22,18-Oct-22,,97,98.5,2.230829926,98.19880673,4.286177429,22889,P4F17W2,72,91.5,14.7407005,78.76963674,4.000769086,2575,P4F17W2,4,4,0.433012702,4.989076013,1.191628132,25,0.009708738
P4F17W3,P4F17W3,68.6,P4,F17,17,W3,swab,P4W3,P4F17W3,3-Oct-22,B,6,5,6-Oct-22,18-Oct-22,,129,131.625,2.827596583,132.3336926,5.159685265,22162,P4F17W3,109,124.7894737,8.352910397,130.1511331,5.642747161,2575,P4F17W3,6,6,0,6,0.912870929,128,0.049708738
P4F18D0,P4F18D0,32.2,P4,F18,18,D0,swab,P4D0,P4F18D0,13-Sep-22,H,3,1,15-Sep-22,17-Oct-22,used 96-well plate bead beating,59,59,0,59,3.635978408,4542,P4F18D0,58,60.5,3.1581915,59.98335294,3.804096053,2575,P4F18D0,0,0,NA,NA,NA,0,0
P4F18W1,P4F18W1,44.6,P4,F18,18,W1,swab,P4W1,P4F18W1,5-Oct-22,G,7,1,12-Oct-22,24-Oct-22,,87,88.2,1.840042393,88.68812399,4.171089606,11420,P4F18W1,77,79.8,2.828392744,80.6009611,4.360421101,2575,P4F18W1,7,7,0.46291005,7.703703704,1.23825089,1161,0.450873786
P4F18W2,P4F18W2,75,P4,F18,18,W2,swab,P4W2,P4F18W2,13-Oct-22,C,11,2,17-Oct-22,27-Oct-22,,132,132.4285714,0.91276609,132.7971009,5.383546711,21639,P4F18W2,105,112.1578947,4.746277823,116.3264373,5.217309528,2575,P4F18W2,5,5,0,5,0.894427191,250,0.097087379
P4F18W3,P4F18W3,90.4,P4,F18,18,W3,swab,P4W3,P4F18W3,13-Oct-22,D,11,2,17-Oct-22,27-Oct-22,,109,111.5,3.160061162,111.1808442,4.596764869,12094,P4F18W3,95,98,2.863413877,99.23811159,4.888114813,2575,P4F18W3,4,4,0,4,0,21,0.00815534
P4F1D0,P4F1D0,47,P4,F1,1,D0,swab,P4D0,P4F1D0,22-Sep-22,C,3,2,12-Oct-22,24-Oct-22,"used tubes, 96-centrifuge protocol",71,71,0.248233193,71.20539654,3.826737556,10922,P4F1D0,68,81,9.631481303,76.83262661,4.294785054,2575,P4F1D0,9,15,7.122733558,12.51087596,1.519923595,53,0.020582524
P4F1W1,P4F1W1,61,P4,F1,1,W1,swab,P4W1,P4F1W1,13-Oct-22,G,8,2,17-Oct-22,25-Oct-22,,99,99,0.099493668,99.26518577,4.56150594,18956,P4F1W1,77,80.66666667,3.144611303,82.8798538,4.217609003,2575,P4F1W1,4,4,0,4,1,57,0.022135922
P4F2D0,P4F2D0,35.2,P4,F2,2,D0,swab,P4D0,P4F2D0,27-Sep-22,B,8,3,6-Oct-22,20-Oct-22,,62,62,0.247975675,62.19330653,3.328950531,7280,P4F2D0,61,66,5.533035163,63.34764232,3.886405778,2575,P4F2D0,5,5,0.447213595,5.703703704,1.095476426,37,0.014368932
P4F2W1,P4F2W1,52,P4,F2,2,W1,swab,P4W1,P4F2W1,3-Oct-22,B,2,5,6-Oct-22,18-Oct-22,"robot poked holes in filter plate in first three columns, tried to save samples by running elution from holes and leftover bead plate in col 7-9 and then col 10-12 ",201,208.3333333,5.676863254,206.0604898,6.636875678,25738,P4F2W1,150,176.4,12.10868044,172.5493628,6.220501859,2575,P4F2W1,8,8,0.467707173,8.359140482,1.385300433,806,0.313009709
P4F3W1,P4F3W1,46.6,P4,F3,3,W1,swab,P4W1,P4F3W1,5-Oct-22,F,7,1,12-Oct-22,24-Oct-22,,76,76.5,1.296204868,76.47881657,3.961260131,11528,P4F3W1,72,83.14285714,8.229471416,79.07242903,4.169088099,2575,P4F3W1,4,4,0.433012702,NA,NA,191,0.074174757
P4F4D0,P4F4D0,14.7,P4,F4,4,D0,swab,P4D0,P4F4D0,13-Sep-22,C,4,1,15-Sep-22,17-Oct-22,"used 96-well plate bead beating, accidentally dropped into C4, switched samples but kept rest in order",132,132.75,1.423010989,132.8164195,5.460184913,10624,P4F4D0,118,128.0588235,6.176650309,129.3343493,5.355241704,2575,P4F4D0,6,6,0,6,1.154700538,74,0.028737864
P4F4W1,P4F4W1,43.6,P4,F4,4,W1,swab,P4W1,P4F4W1,5-Oct-22,E,8,1,12-Oct-22,24-Oct-22,,76,76.25,0.735994574,76.59568183,4.065306643,10612,P4F4W1,66,70.66666667,4.490193004,69.57932529,4.000309604,2575,P4F4W1,5,5,0.447213595,6.125,0.958676884,546,0.212038835
P4F5D0,P4F5D0,64.8,P4,F5,5,D0,swab,P4D0,P4F5D0,22-Sep-22,E,3,2,12-Oct-22,24-Oct-22,"used tubes, 96-centrifuge protocol",74,74,0.248305065,74.16666667,4.242706381,10646,P4F5D0,70,73.88235294,3.194307646,79.44905021,4.411001162,2575,P4F5D0,5,5,0,5,0.894427191,35,0.013592233
P4F5W1,P4F5W1,70.4,P4,F5,5,W1,swab,P4W1,P4F5W1,5-Oct-22,D,10,1,12-Oct-22,24-Oct-22,,89,90.5,2.593287127,89.8385272,4.376837023,18981,P4F5W1,75,83.07692308,5.599381603,85.99414337,4.505010588,2575,P4F5W1,4,4,0.144337567,4.75,1.094442104,30,0.011650485
P4F6D0,P4F6D0,15.6,P4,F6,6,D0,swab,P4D0,P4F6D0,13-Sep-22,D,3,1,15-Sep-22,17-Oct-22,used 96-well plate bead beating,94,94.75,1.422675075,94.7138394,4.800611746,7610,P4F6D0,85,89,3.687546948,88.15902877,4.39065153,2575,P4F6D0,7,7,0.46291005,7.285714286,1.022153727,40,0.015533981
P4F6W1,P4F6W1,51.4,P4,F6,6,W1,swab,P4W1,P4F6W1,13-Oct-22,H,8,2,17-Oct-22,25-Oct-22,,126,126.3333333,0.925451848,126.4233439,5.192516821,17714,P4F6W1,105,116.0526316,6.448203885,118.9345509,4.992487803,2575,P4F6W1,7,7,0.231455025,7.444,1.265011406,316,0.122718447
P4F7D0,P4F7D0,17.2,P4,F7,7,D0,swab,P4D0,P4F7D0,13-Sep-22,E,3,1,15-Sep-22,17-Oct-22,used 96-well plate bead beating,109,109.6,1.185744707,109.6387026,5.185409878,10334,P4F7D0,98,108.0588235,6.176495438,111.0520233,4.944296901,2575,P4F7D0,7,7,0,7,0.9258201,58,0.022524272
P4F7W1,P4F7W1,60.4,P4,F7,7,W1,swab,P4W1,P4F7W1,13-Oct-22,A,7,2,17-Oct-22,25-Oct-22,,114,119,6.036913759,115.428218,5.029529006,25223,P4F7W1,88,104.5,9.295465528,107.9576193,5.192448021,2575,P4F7W1,5,5,0,5,1.095445115,167,0.064854369
P4F8D0,P4F8D0,41.6,P4,F8,8,D0,swab,P4D0,P4F8D0,27-Sep-22,B,6,3,6-Oct-22,20-Oct-22,,134,135.2,1.840481028,135.1408464,5.567770451,17783,P4F8D0,103,122.4615385,10.73344049,121.2121348,5.429499423,2575,P4F8D0,15,16.5,2.57169912,17.09352246,1.999220722,113,0.043883495
P4F8W1,P4F8W1,62,P4,F8,8,W1,swab,P4W1,P4F8W1,13-Oct-22,B,7,2,17-Oct-22,25-Oct-22,,93,93,0.124326141,93.19857106,4.251035213,25744,P4F8W1,71,83.75,7.963039181,87.21082993,4.706494051,2575,P4F8W1,4,4,0.433012702,5.12,0.939502407,94,0.036504854
P4F9D0,P4F9D0,101,P4,F9,9,D0,swab,P4D0,P4F9D0,22-Sep-22,F,3,2,12-Oct-22,24-Oct-22,"used tubes, 96-centrifuge protocol",60,60.5,1.295454545,60.59153724,3.614787616,8649,P4F9D0,54,59.14285714,4.6497129,60.16936241,3.79063503,2575,P4F9D0,4,4,0.433012702,4.701166181,0.761164562,15,0.005825243
P4F9W1,P4F9W1,57.8,P4,F9,9,W1,swab,P4W1,P4F9W1,13-Oct-22,C,7,2,17-Oct-22,25-Oct-22,,81,81.5,1.296378864,81.49182631,4.075130432,9151,P4F9W1,74,76,2.58444232,75.78093382,4.276843074,2575,P4F9W1,7,7,0,7,1.309307341,411,0.15961165